Section ID & Heading,Primary Unit Text,Abdullah,NotebookLM
5.4 CycloneDX Object Model,"Within the root element, CycloneDX defines the following object types:",0,0
5.4 CycloneDX Object Model,The object types are arranged in order and contain (but are not limited to) the following types of data:,0,0
5.4.1 BOM Identity,The bom element has properties for serialNumber and version.,0,0
5.4.1 BOM Identity,Together these two properties form the identity of a BOM.,0,0
5.4.1 BOM Identity,"A BOM's identity can be expressed using a BOM-Link, a formally registered URN capable of referencing a BOM or any component, service, or vulnerability in a BOM.",0,0
5.4.1 BOM Identity,Refer to the chapter on Relationships for more information.,0,0
5.4.1.1 Serial Number,"Every BOM generated should have a unique serial number, even if the contents of the BOM have not changed over time.",1,1
5.4.1.1 Serial Number,"If specified, the serial number must conform to RFC-4122.",1,1
5.4.1.1 Serial Number,The use of serial numbers is recommended.,1,1
5.4.1.2 Version,"Whenever an existing BOM is modified, either manually or through automated processes, the version of the BOM should be incremented by 1.",1,1
5.4.1.2 Version,"When a system is presented with multiple BOMs with identical serial numbers, the system should use the most recent version of the BOM.",1,1
5.4.1.2 Version,The default version is '1'.,0,0
5.4.2 The Anatomy of a CycloneDX BOM,The following are descriptions of the root-level elements of a CycloneDX BOM.,0,0
5.4.2.1 Metadata,"BOM metadata includes the supplier, manufacturer, and target component for which the BOM describes.",0,0
5.4.2.1 Metadata,"It also includes the tools used to create the BOM, and licence information for the BOM document itself.",0,0
5.4.2.2 Components,Components describe the complete inventory of first-party and third-party components.,0,0
5.4.2.2 Components,"The specification can represent software, hardware devices, machine learning models, source code, and configurations, along with the manufacturer information, licence and copyright details, and complete pedigree and provenance for every component.",1,0
5.4.2.3 Services,Services represent external APIs that the software may call.,0,0
5.4.2.3 Services,"They describe endpoint URIs, authentication requirements, and trust boundary traversals.",0,0
5.4.2.3 Services,"The data flow between software and services can also be described, including the data classifications and the flow direction of each type.",0,0
5.4.2.4 Dependencies,CycloneDX provides the ability to describe components and their dependency on other components.,0,0
5.4.2.4 Dependencies,The dependency graph is capable of representing both direct and transitive relationships.,0,0
5.4.2.4 Dependencies,"Components that depend on services can be represented in the dependency graph, and services that depend on other services can be represented as well.",0,0
5.4.2.5 Compositions,"Compositions describe constituent parts (including components, services, and dependency relationships) and their completeness.",0,0
5.4.2.5 Compositions,"The aggregate of each composition can be described as complete, incomplete, incomplete first-party only, incomplete third-party only, or unknown.",0,0
5.4.2.6 Vulnerabilities,Known vulnerabilities inherited from the use of third-party and open-source software and the exploitability of the vulnerabilities can be communicated with CycloneDX.,0,0
5.4.2.6 Vulnerabilities,"Previously unknown vulnerabilities affecting both components and services may also be disclosed using CycloneDX, making it ideal for both vulnerability disclosure and VEX use cases.",0,0
5.4.2.7 Formulation,Formulation describes how something was manufactured or deployed.,0,0
5.4.2.7 Formulation,"CycloneDX achieves this through the support of multiple formulas, workflows, tasks, and steps, which represent the declared formulation for reproduction along with the observed formula describing the actions which transpired in the manufacturing process.",0,0
5.4.2.8 Annotations,"Annotations contain comments, notes, explanations, or similar textual content which provide additional context to the object(s) being annotated.",0,0
5.4.2.8 Annotations,They are often automatically added to a BOM via a tool or as a result of manual review by individuals or organizations.,0,0
5.4.2.8 Annotations,Annotations can be independently signed and verified using digital signatures.,1,0
5.4.2.9 Definitions,"Standards, requirements, levels, and all supporting documentation are defined here.",0,0
5.4.2.9 Definitions,"CycloneDX provides a general-purpose, machine-readable way to define virtually any type of standard.",0,0
5.4.2.9 Definitions,"Security standards such as OWASP ASVS, MASVS, SCVS, and SAMM are available in CycloneDX format.",0,0
5.4.2.9 Definitions,Standards from other bodies are available as well.,0,0
5.4.2.9 Definitions,"Additionally, organizations can create internal standards and represent them in CycloneDX.",1,0
5.4.2.10 Declarations,Declarations describe the conformance to standards.,0,0
5.4.2.10 Declarations,"Each declaration may include attestations, claims, counter-claims, evidence, counter-evidence, along with conformance and confidence.",1,0
5.4.2.10 Declarations,Signatories can also be declared and supports both digital and analogue signatures.,0,0
5.4.2.10 Declarations,"Declarations provide the basis for ""compliance-as-code"".",0,0
5.4.2.11 Extensions,"Multiple extension points exist throughout the CycloneDX object model, allowing fast prototyping of new capabilities and support for specialized and future use cases.",0,0
5.4.2.11 Extensions,The CycloneDX project maintains extensions that are beneficial to the larger community.,0,0
5.4.2.11 Extensions,The project encourages community participation and the development of extensions that target specialized or industry-specific use cases.,0,0
5.5 Serialization Formats,"CycloneDX can be represented in JSON, XML, and Protocol Buffers (protobuf) and has corresponding schemas for each.",0,0
5.5 Serialization Formats,"CycloneDX relies exclusively on JSON Schema, XML Schema, and protobuf for validation.",0,0
5.5 Serialization Formats,"The entirety of the specification can be validated using officially supported CycloneDX tools or via hundreds of available validators that support JSON Schema, XML Schema, or protobuf.",1,0
5.5 Serialization Formats,NOTE The CycloneDX JSON Schema is the reference implementation for the Ecma standard.,0,0
6 CycloneDX Bill of Materials Standard (Table 1 - Row 1),"bomFormat | String | Required | Specifies the format of the BOM. This helps to identify the file as CycloneDX since BOMs do not have a filename convention, nor does JSON schema support namespaces. This value must be ""CycloneDX"".",1,1
6 CycloneDX Bill of Materials Standard (Table 1 - Row 2),specVersion | String | Required | The version of the CycloneDX specification the BOM conforms to.,1,1
6 CycloneDX Bill of Materials Standard (Table 1 - Row 3),"serialNumber | String | Optional | Every BOM generated SHOULD have a unique serial number, even if the contents of the BOM have not changed over time. If specified, the serial number must conform to RFC 4122. Use of serial numbers is recommended.",1,1
6 CycloneDX Bill of Materials Standard (Table 1 - Row 4),"version | Integer | Optional | Whenever an existing BOM is modified, either manually or through automated processes, the version of the BOM SHOULD be incremented by 1. When a system is presented with multiple BOMs with identical serial numbers, the system SHOULD use the most recent version of the BOM. The default version is '1'.",1,1
6 CycloneDX Bill of Materials Standard (Table 1 - Row 5),metadata | Object | Optional | Provides additional information about a BOM.,1,1
6 CycloneDX Bill of Materials Standard (Table 1 - Row 6),components | Array | Optional | A list of software and hardware components.,1,1
6 CycloneDX Bill of Materials Standard (Table 1 - Row 7),"services | Array | Optional | A list of services. This may include microservices, function-as-a-service, and other types of network or intra-process services.",1,1
6 CycloneDX Bill of Materials Standard (Table 1 - Row 8),"externalReferences | Array | Optional | External references provide a way to document systems, sites, and information that may be relevant but are not included with the BOM. They may also establish specific relationships within or external to the BOM.",1,1
6 CycloneDX Bill of Materials Standard (Table 1 - Row 9),dependencies | Array | Optional | Provides the ability to document dependency relationships including provided & implemented components.,1,1
6 CycloneDX Bill of Materials Standard (Table 1 - Row 10),"compositions | Array | Optional | Compositions describe constituent parts (including components, services, and dependency relationships) and their completeness. The completeness of vulnerabilities expressed in a BOM may also be described.",1,1
6 CycloneDX Bill of Materials Standard (Table 1 - Row 11),vulnerabilities | Array | Optional | Vulnerabilities identified in components or services.,1,1
6 CycloneDX Bill of Materials Standard (Table 1 - Row 12),"annotations | Array | Optional | Comments made by people, organizations, or tools about any object with a bom-ref, such as components, services, vulnerabilities, or the BOM itself. Unlike inventory information, annotations may contain opinions or commentary from various stakeholders. Annotations may be inline (with inventory) or externalized via BOM-Link and may optionally be signed.",1,1
6 CycloneDX Bill of Materials Standard (Table 1 - Row 13),"formulation | Array | Optional | Describes how a component or service was manufactured or deployed. This is achieved through the use of formulas, workflows, tasks, and steps, which declare the precise steps to reproduce along with the observed formulas describing the steps which transpired in the manufacturing process.",1,1
6 CycloneDX Bill of Materials Standard (Table 1 - Row 14),"declarations | Object | Optional | The list of declarations which describe the conformance to standards. Each declaration may include attestations, claims, and evidence.",1,1
6 CycloneDX Bill of Materials Standard (Table 1 - Row 15),definitions | Object | Optional | A collection of reusable objects that are defined and may be used elsewhere in the BOM.,1,1
6 CycloneDX Bill of Materials Standard (Table 1 - Row 16),"properties | Array | Optional | Provides the ability to document properties in a name-value store. This provides flexibility to include data not officially supported in the standard without having to use additional namespaces or create extensions. Unlike key-value stores, properties support duplicate names, each potentially having different values. Property names of interest to the general public are encouraged to be registered in the CycloneDX Property Taxonomy. Formal registration is optional.",1,1
6 CycloneDX Bill of Materials Standard (Table 1 - Row 17),signature | Array | Optional | Enveloped signature in JSON Signature Format (JSF).,1,1
6.1 BOM Format,Specifies the format of the BOM.,0,0
6.1 BOM Format,"This helps to identify the file as CycloneDX since BOMs do not have a filename convention, nor does JSON schema support namespaces.",0,0
6.1 BOM Format,"This value must be ""CycloneDX"".",1,1
6.1 BOM Format,(Bullet point) CycloneDX,1,0
6.2 CycloneDX Specification Version,The version of the CycloneDX specification the BOM conforms to.,0,0
6.2 CycloneDX Specification Version,(Example bullet) 1.6,0,0
6.3 BOM Serial Number,"Every BOM generated SHOULD have a unique serial number, even if the contents of the BOM have not changed over time.",1,1
6.3 BOM Serial Number,"If specified, the serial number must conform to RFC 4122.",1,1
6.3 BOM Serial Number,Use of serial numbers is recommended.,1,1
6.3 BOM Serial Number,(Example bullet) urn:uuid:3e671687-395b-41f5-a30f-a58921a69b79,0,0
6.4 BOM Version,"Whenever an existing BOM is modified, either manually or through automated processes, the version of the BOM SHOULD be incremented by 1.",1,1
6.4 BOM Version,"When a system is presented with multiple BOMs with identical serial numbers, the system SHOULD use the most recent version of the BOM.",1,1
6.4 BOM Version,The default version is '1'.,0,0
6.4 BOM Version,(Example bullet) 1,0,0
7 BOM Metadata,Provides additional information about a BOM.,0,0
7 BOM Metadata (Table 2 - Row 1),timestamp | String | Optional | The date and time (timestamp) when the BOM was created.,1,1
7 BOM Metadata (Table 2 - Row 2),"lifecycles | Array | Optional | Lifecycles communicate the stage(s) in which data in the BOM was captured. Different types of data may be available at various phases of a lifecycle, such as the Software Development Lifecycle (SDLC), IT Asset Management (ITAM), and Software Asset Management (SAM). Thus, a BOM may include data specific to or only obtainable in a given lifecycle.",1,1
7 BOM Metadata (Table 2 - Row 3),"tools | Array | Optional | The tool(s) used in the creation, enrichment, and validation of the BOM.",1,1
7 BOM Metadata (Table 2 - Row 4),manufacturer | Object | Optional | The organization that created the BOM. Manufacturer is common in BOMs created through automated processes. BOMs created through manual means may have @.authors instead.,1,1
7 BOM Metadata (Table 2 - Row 5),authors | Array | Optional | The person(s) who created the BOM. Authors are common in BOMs created through manual processes. BOMs created through automated means may have @.manufacturer instead.,1,1
7 BOM Metadata (Table 2 - Row 6),component | Object | Optional | The component that the BOM describes.,1,1
7 BOM Metadata (Table 2 - Row 7),manufacture | Object | Optional | [Deprecated] This will be removed in a future version. Use the @.component.manufacturer instead. The organization that manufactured the component that the BOM describes.,1,1
7 BOM Metadata (Table 2 - Row 8),"supplier | Object | Optional | The organization that supplied the component that the BOM describes. The supplier may often be the manufacturer, but may also be a distributor or repackager.",1,1
7 BOM Metadata (Table 2 - Row 9),licenses | Array | Optional | The license information for the BOM document. This may be different from the license(s) of the component(s) that the BOM describes.,1,1
7 BOM Metadata (Table 2 - Row 10),"properties | Array | Optional | Provides the ability to document properties in a name-value store. This provides flexibility to include data not officially supported in the standard without having to use additional namespaces or create extensions. Unlike key-value stores, properties support duplicate names, each potentially having different values. Property names of interest to the general public are encouraged to be registered in the CycloneDX Property Taxonomy. Formal registration is optional.",1,1
7.1 Timestamp,The date and time (timestamp) when the BOM was created.,0,0
7.2 Lifecycles,Lifecycles communicate the stage(s) in which data in the BOM was captured.,0,0
7.2 Lifecycles,"Different types of data may be available at various phases of a lifecycle, such as the Software Development Lifecycle (SDLC), IT Asset Management (ITAM), and Software Asset Management (SAM).",0,0
7.2 Lifecycles,"Thus, a BOM may include data specific to or only obtainable in a given lifecycle.",0,0
7.2 Lifecycles,Each item of this array must be a Lifecycle object.,1,1
7.2.1 Lifecycle,The product lifecycle(s) that this BOM represents.,0,0
7.2.1 Lifecycle,(Bullet point) 1. Pre-Defined Phase,1,1
7.2.1 Lifecycle,(Bullet point) 2. Custom Phase,1,1
7.2.2 Pre-Defined Phase (Table 3 - Row 1),phase | String | Required | A pre-defined phase in the product lifecycle.,1,1
7.2.3 Custom Phase (Table 4 - Row 1),name | String | Required | The name of the lifecycle phase,1,1
7.2.3 Custom Phase (Table 4 - Row 2),description | String | Optional | The description of the lifecycle phase,1,1
7.2.4 Phase,A pre-defined phase in the product lifecycle.,1,1
7.2.5 Name,The name of the lifecycle phase,1,1
7.2.6 Description,The description of the lifecycle phase,1,1
7.3 Tools,"The tool(s) used in the creation, enrichment, and validation of the BOM.",0,0
7.3 Tools,(Bullet point) 1. Tools,1,1
7.3 Tools,(Bullet point) 2. Tools (legacy),1,1
7.3.1 Tools,"The tool(s) used in the creation, enrichment, and validation of the BOM.",0,0
7.3.1 Tools (Table 6 - Row 1),components | Array | Optional | A list of software and hardware components used as tools. Refer to the component definition at /components/[],1,1
7.3.1 Tools (Table 6 - Row 2),"services | Array | Optional | A list of services used as tools. This may include microservices, function-as-a-service, and other types of network or intra-process services. Refer to the service definition at /services/[]",1,1
7.3.2 Tools (legacy),"[Deprecated] The tool(s) used in the creation, enrichment, and validation of the BOM.",0,0
7.3.3 Components,A list of software and hardware components used as tools.,0,0
7.3.3 Components,Each item of this array must be a Component object.,1,1
7.3.3.1 Component,Refer to the component definition at /components/[],0,0
7.3.3.1 Component,All items must be unique.,1,1
7.3.4 Services,A list of services used as tools.,0,0
7.3.4 Services,"This may include microservices, function-as-a-service, and other types of network or intra-process services.",0,0
7.3.4 Services,Each item of this array must be a Service object.,1,1
7.3.4.1 Service,Refer to the service definition at /services/[],0,0
7.3.4.1 Service,All items must be unique.,1,1
7.3.4.1.1 Tools (legacy),"[Deprecated] The tool(s) used in the creation, enrichment, and validation of the BOM.",0,0
7.3.4.1.1 Tools (legacy),Each item of this array must be a Tool object.,1,1
7.3.5 Tool,[Deprecated] This will be removed in a future version.,0,0
7.3.5 Tool,Use component or service instead.,0,1
7.3.5 Tool,Information about the automated or manual tool used,0,0
7.3.5 Tool (Table 7 - Row 1),vendor | String | Optional | The name of the vendor who created the tool,1,1
7.3.5 Tool (Table 7 - Row 2),name | String | Optional | The name of the tool,1,1
7.3.5 Tool (Table 7 - Row 3),version | String | Optional | The version of the tool,1,1
7.3.5 Tool (Table 7 - Row 4),hashes | Array | Optional | The hashes of the tool (if applicable).,1,1
7.3.5 Tool (Table 7 - Row 5),"externalReferences | Array | Optional | External references provide a way to document systems, sites, and information that may be relevant, but are not included with the BOM. They may also establish specific relationships within or external to the BOM.",1,1
7.3.5.1 Tool Vendor,The name of the vendor who created the tool,0,0
7.3.5.2 Tool Name,The name of the tool,0,0
7.3.5.3 Tool Version,The version of the tool,0,0
7.3.5.3 Tool Version,(Example bullet) 9.0.14,0,0
7.3.5.3 Tool Version,(Example bullet) v1.33.7,0,0
7.3.5.3 Tool Version,(Example bullet) 7.0.0-M1,0,0
7.3.5.3 Tool Version,(Example bullet) 2.0pre1,0,0
7.3.5.3 Tool Version,(Example bullet) 1.0.0-beta1,0,0
7.3.5.3 Tool Version,(Example bullet) 0.8.15,0,0
7.3.5.4 Hashes,The hashes of the tool (if applicable).,0,0
7.3.5.4 Hashes,Each item of this array must be a Hash object.,1,1
7.3.5.4.1 Hash (Table 8 - Row 1),alg | String | Required | The algorithm that generated the hash value.,1,1
7.3.5.4.1 Hash (Table 8 - Row 2),content | String | Required | The value of the hash.,1,1
7.3.5.4.2 Hash Algorithm,The algorithm that generated the hash value.,0,0
7.3.5.4.2 Hash Algorithm,(Bullet point) MD5,0,1
7.3.5.4.2 Hash Algorithm,(Bullet point) SHA-1,0,1
7.3.5.4.2 Hash Algorithm,(Bullet point) SHA-256,0,1
7.3.5.4.2 Hash Algorithm,(Bullet point) SHA-384,0,1
7.3.5.4.2 Hash Algorithm,(Bullet point) SHA-512,0,1
7.3.5.4.2 Hash Algorithm,(Bullet point) SHA3-256,0,1
7.3.5.4.2 Hash Algorithm,(Bullet point) SHA3-384,0,1
7.3.5.4.2 Hash Algorithm,(Bullet point) SHA3-512,0,1
7.3.5.4.2 Hash Algorithm,(Bullet point) BLAKE2b-256,0,1
7.3.5.4.2 Hash Algorithm,(Bullet point) BLAKE2b-384,0,1
7.3.5.4.2 Hash Algorithm,(Bullet point) BLAKE2b-512,0,1
7.3.5.4.2 Hash Algorithm,(Bullet point) BLAKE3,0,1
7.3.5.4.3 Hash Value,The value of the hash.,0,0
7.3.5.4.3 Hash Value,(Example bullet) 3942447fac867ae5cdb3229b658f4d48,0,0
7.3.5.5 External References,"External references provide a way to document systems, sites, and information that may be relevant, but are not included with the BOM.",0,0
7.3.5.5 External References,They may also establish specific relationships within or external to the BOM.,1,0
7.3.5.5 External References,Each item of this array must be an External Reference object.,1,1
7.3.5.5.1 External Reference,"External references provide a way to document systems, sites, and information that may be relevant but are not included with the BOM.",0,0
7.3.5.5.1 External Reference,They may also establish specific relationships within or external to the BOM.,0,0
7.4 BOM Manufacturer,The organization that created the BOM.,0,0
7.4 BOM Manufacturer,Manufacturer is common in BOMs created through automated processes.,0,0
7.4 BOM Manufacturer,BOMs created through manual means may have @.authors instead.,1,1
7.4 BOM Manufacturer (Table 9 - Row 1),bom-ref | String | Optional | An optional identifier which can be used to reference the object elsewhere in the BOM. Every bom-ref must be unique within the BOM. Value SHOULD not start with the BOM-Link intro 'urn:cdx:' to avoid conflicts with BOM-Links.,1,1
7.4 BOM Manufacturer (Table 9 - Row 2),name | String | Optional | The name of the organization,1,1
7.4 BOM Manufacturer (Table 9 - Row 3),address | Object | Optional | The physical address (location) of the organization,1,1
7.4 BOM Manufacturer (Table 9 - Row 4),url | Array | Optional | The URL of the organization. Multiple URLs are allowed.,1,1
7.4 BOM Manufacturer (Table 9 - Row 5),contact | Array | Optional | A contact at the organization. Multiple contacts are allowed.,1,1
7.4.1 BOM Reference,An optional identifier which can be used to reference the object elsewhere in the BOM.,0,0
7.4.1 BOM Reference,Every bom-ref must be unique within the BOM.,1,1
7.4.1 BOM Reference,Value SHOULD not start with the BOM-Link intro 'urn:cdx:' to avoid conflicts with BOM-Links.,1,1
7.4.2 Organization Name,The name of the organization,0,0
7.4.2 Organization Name,(Example bullet) Example Inc.,0,0
7.4.3 Organization Address,The physical address (location) of the organization,0,0
7.4.3 Organization Address (Table 10 - Row 1),bom-ref | String | Optional | An optional identifier which can be used to reference the address elsewhere in the BOM. Every bom-ref must be unique within the BOM. Value SHOULD not start with the BOM-Link intro 'urn:cdx:' to avoid conflicts with BOM-Links.,1,1
7.4.3 Organization Address (Table 10 - Row 2),country | String | Optional | The country name or the two-letter ISO 3166-1 country code.,1,1
7.4.3 Organization Address (Table 10 - Row 3),region | String | Optional | The region or state in the country.,1,1
7.4.3 Organization Address (Table 10 - Row 4),locality | String | Optional | The locality or city within the country.,1,1
7.4.3 Organization Address (Table 10 - Row 5),postOfficeBoxNumber | String | Optional | The post office box number.,1,1
7.4.3 Organization Address (Table 10 - Row 6),postalCode | String | Optional | The postal code.,1,1
7.4.3 Organization Address (Table 10 - Row 7),streetAddress | String | Optional | The street address.,1,1
7.4.3.1 BOM Reference,An optional identifier which can be used to reference the address elsewhere in the BOM.,0,0
7.4.3.1 BOM Reference,Every bom-ref must be unique within the BOM.,1,1
7.4.3.1 BOM Reference,Value SHOULD not start with the BOM-Link intro 'urn:cdx:' to avoid conflicts with BOM-Links.,1,1
7.4.3.2 Country,The country name or the two-letter ISO 3166-1 country code.,0,0
7.4.3.3 Region,The region or state in the country.,0,0
7.4.3.3 Region,(Example bullet) Texas,0,0
7.4.3.4 Locality,The locality or city within the country.,0,0
7.4.3.4 Locality,(Example bullet) Austin,0,0
7.4.3.5 Post Office Box Number,The post office box number.,0,0
7.4.3.5 Post Office Box Number,(Example bullet) 901,0,0
7.4.3.6 Postal Code,The postal code.,0,0
7.4.3.6 Postal Code,(Example bullet) 78758,0,0
7.4.3.7 Street Address,The street address.,0,0
7.4.3.7 Street Address,(Example bullet) 100 Main Street,0,0
7.4.4 Organization URL(s),The URL of the organization.,0,0
7.4.4 Organization URL(s),Multiple URLs are allowed.,0,0
7.4.4 Organization URL(s),Each item of this array must be a string.,1,1
7.4.4 Organization URL(s),(Example bullet) https://example.com,0,0
7.4.5 Organizational Contact,A contact at the organization.,0,0
7.4.5 Organizational Contact,Multiple contacts are allowed.,0,0
7.4.5 Organizational Contact,Each item of this array must be an Organizational Contact object.,1,1
7.4.5.1 Organizational Contact (Table 11 - Row 1),bom-ref | String | Optional | An optional identifier which can be used to reference the object elsewhere in the BOM. Every bom-ref must be unique within the BOM. Value SHOULD not start with the BOM-Link intro 'urn:cdx:' to avoid conflicts with BOM-Links.,1,1
7.4.5.1 Organizational Contact (Table 11 - Row 2),name | String | Optional | The name of a contact,1,1
7.4.5.1 Organizational Contact (Table 11 - Row 3),email | String | Optional | The email address of the contact.,1,1
7.4.5.1 Organizational Contact (Table 11 - Row 4),phone | String | Optional | The phone number of the contact.,1,1
7.4.5.1.1 BOM Reference,An optional identifier which can be used to reference the object elsewhere in the BOM.,0,0
7.4.5.1.1 BOM Reference,Every bom-ref must be unique within the BOM.,1,1
7.4.5.1.1 BOM Reference,Value SHOULD not start with the BOM-Link intro 'urn:cdx:' to avoid conflicts with BOM-Links.,1,1
7.4.5.1.2 Name,The name of a contact,0,0
7.4.5.1.2 Name,(Example bullet) Contact name,0,0
7.4.5.1.3 Email Address,The email address of the contact.,0,0
7.4.5.1.3 Email Address,(Example bullet) firstname.lastname@example.com,0,0
7.4.5.1.4 Phone,The phone number of the contact.,0,0
7.4.5.1.4 Phone,(Example bullet) 800-555-1212,0,0
7.5 BOM Authors,The person(s) who created the BOM.,0,0
7.5 BOM Authors,Authors are common in BOMs created through manual processes.,0,0
7.5 BOM Authors,BOMs created through automated means may have @.manufacturer instead.,1,1
7.5 BOM Authors,Each item of this array must be an Organizational Contact object.,1,1
7.5.1 Organizational Contact (Table 12 - Row 1),bom-ref | String | Optional | An optional identifier which can be used to reference the object elsewhere in the BOM. Every bom-ref must be unique within the BOM. Value SHOULD not start with the BOM-Link intro 'urn:cdx:' to avoid conflicts with BOM-Links.,1,1
7.5.1 Organizational Contact (Table 12 - Row 2),name | String | Optional | The name of a contact,1,1
7.5.1 Organizational Contact (Table 12 - Row 3),email | String | Optional | The email address of the contact.,1,1
7.5.1 Organizational Contact (Table 12 - Row 4),phone | String | Optional | The phone number of the contact.,1,1
7.5.1.1 BOM Reference,An optional identifier which can be used to reference the object elsewhere in the BOM.,0,0
7.5.1.1 BOM Reference,Every bom-ref must be unique within the BOM.,1,1
7.5.1.1 BOM Reference,Value SHOULD not start with the BOM-Link intro 'urn:cdx:' to avoid conflicts with BOM-Links.,1,1
7.5.1.2 Name,The name of a contact,0,0
7.5.1.2 Name,(Example bullet) Contact name,0,0
7.5.1.3 Email Address,The email address of the contact.,0,0
7.5.1.3 Email Address,(Example bullet) firstname.lastname@example.com,0,0
7.5.1.4 Phone,The phone number of the contact.,0,0
7.5.1.4 Phone,(Example bullet) 800-555-1212,0,0
7.6 Component,The component that the BOM describes.,0,0
7.6 Component,Refer to the component definition at /components/[],0,0
7.7 Component Manufacture (legacy),[Deprecated] This will be removed in a future version.,0,0
7.7 Component Manufacture (legacy),Use the @.component.manufacturer instead.,0,0
7.7 Component Manufacture (legacy),The organization that manufactured the component that the BOM describes.,0,0
7.7 Component Manufacture (legacy) (Table 13 - Row 1),bom-ref | String | Optional | An optional identifier which can be used to reference the object elsewhere in the BOM. Every bom-ref must be unique within the BOM. Value SHOULD not start with the BOM-Link intro 'urn:cdx:' to avoid conflicts with BOM-Links.,1,1
7.7 Component Manufacture (legacy) (Table 13 - Row 2),name | String | Optional | The name of the organization,1,1
7.7 Component Manufacture (legacy) (Table 13 - Row 3),address | Object | Optional | The physical address (location) of the organization,1,1
7.7 Component Manufacture (legacy) (Table 13 - Row 4),url | Array | Optional | The URL of the organization. Multiple URLs are allowed.,1,1
7.7 Component Manufacture (legacy) (Table 13 - Row 5),contact | Array | Optional | A contact at the organization. Multiple contacts are allowed.,1,1
7.7.1 BOM Reference,An optional identifier which can be used to reference the object elsewhere in the BOM.,0,0
7.7.1 BOM Reference,Every bom-ref must be unique within the BOM.,1,1
7.7.1 BOM Reference,Value SHOULD not start with the BOM-Link intro 'urn:cdx:' to avoid conflicts with BOM-Links.,1,1
7.7.2 Organization Name,The name of the organization,0,0
7.7.2 Organization Name,(Example bullet) Example Inc.,0,0
7.7.3 Organization Address,The physical address (location) of the organization,0,0
7.7.3 Organization Address (Table 14 - Row 1),bom-ref | String | Optional | An optional identifier which can be used to reference the address elsewhere in the BOM. Every bom-ref must be unique within the BOM. Value SHOULD not start with the BOM-Link intro 'urn:cdx:' to avoid conflicts with BOM-Links.,1,1
7.7.3 Organization Address (Table 14 - Row 2),country | String | Optional | The country name or the two-letter ISO 3166-1 country code.,1,1
7.7.3 Organization Address (Table 14 - Row 3),region | String | Optional | The region or state in the country.,1,1
7.7.3 Organization Address (Table 14 - Row 4),locality | String | Optional | The locality or city within the country.,1,1
7.7.3 Organization Address (Table 14 - Row 5),postOfficeBoxNumber | String | Optional | The post office box number.,1,1
7.7.3 Organization Address (Table 14 - Row 6),postalCode | String | Optional | The postal code.,1,1
7.7.3 Organization Address (Table 14 - Row 7),streetAddress | String | Optional | The street address.,1,1
7.7.3.1 BOM Reference,An optional identifier which can be used to reference the address elsewhere in the BOM.,0,0
7.7.3.1 BOM Reference,Every bom-ref must be unique within the BOM.,1,1
7.7.3.1 BOM Reference,Value SHOULD not start with the BOM-Link intro 'urn:cdx:' to avoid conflicts with BOM-Links.,1,1
7.7.3.2 Country,The country name or the two-letter ISO 3166-1 country code.,0,0
7.7.3.3 Region,The region or state in the country.,0,0
7.7.3.3 Region,(Example bullet) Texas,0,0
7.7.3.4 Locality,The locality or city within the country.,0,0
7.7.3.4 Locality,(Example bullet) Austin,0,0
7.7.3.5 Post Office Box Number,The post office box number.,0,0
7.7.3.5 Post Office Box Number,(Example bullet) 901,0,0
7.7.3.6 Postal Code,The postal code.,0,0
7.7.3.6 Postal Code,(Example bullet) 78758,0,0
7.7.3.7 Street Address,The street address.,0,0
7.7.3.7 Street Address,(Example bullet) 100 Main Street,0,0
7.7.4 Organization URL(s),The URL of the organization.,0,0
7.7.4 Organization URL(s),Multiple URLs are allowed.,0,0
7.7.4 Organization URL(s),Each item of this array must be a string.,1,1
7.7.4 Organization URL(s),(Example bullet) https://example.com,0,0
7.7.5 Organizational Contact,A contact at the organization.,0,0
7.7.5 Organizational Contact,Multiple contacts are allowed.,0,0
7.7.5 Organizational Contact,Each item of this array must be an Organizational Contact object.,1,1
7.7.5.1 Organizational Contact (Table 15 - Row 1),bom-ref | String | Optional | An optional identifier which can be used to reference the object elsewhere in the BOM. Every bom-ref must be unique within the BOM. Value SHOULD not start with the BOM-Link intro 'urn:cdx:' to avoid conflicts with BOM-Links.,1,1
7.7.5.1 Organizational Contact (Table 15 - Row 2),name | String | Optional | The name of a contact,1,1
7.7.5.1 Organizational Contact (Table 15 - Row 3),email | String | Optional | The email address of the contact.,1,1
7.7.5.1 Organizational Contact (Table 15 - Row 4),phone | String | Optional | The phone number of the contact.,1,1
7.7.5.1.1 BOM Reference,An optional identifier which can be used to reference the object elsewhere in the BOM.,0,0
7.7.5.1.1 BOM Reference,Every bom-ref must be unique within the BOM.,1,1
7.7.5.1.1 BOM Reference,Value SHOULD not start with the BOM-Link intro 'urn:cdx:' to avoid conflicts with BOM-Links.,1,1
7.7.5.1.2 Name,The name of a contact,0,0
7.7.5.1.2 Name,(Example bullet) Contact name,0,0
7.7.5.1.3 Email Address,The email address of the contact.,0,0
7.7.5.1.3 Email Address,(Example bullet) firstname.lastname@example.com,0,0
7.7.5.1.4 Phone,The phone number of the contact.,0,0
7.7.5.1.4 Phone,(Example bullet) 800-555-1212,0,0
7.8 Supplier,The organization that supplied the component that the BOM describes.,0,0
7.8 Supplier,"The supplier may often be the manufacturer, but may also be a distributor or repackager.",0,0
7.8 Supplier (Table 16 - Row 1),bom-ref | String | Optional | An optional identifier which can be used to reference the object elsewhere in the BOM. Every bom-ref must be unique within the BOM. Value SHOULD not start with the BOM-Link intro 'urn:cdx:' to avoid conflicts with BOM-Links.,1,1
7.8 Supplier (Table 16 - Row 2),name | String | Optional | The name of the organization,1,1
7.8 Supplier (Table 16 - Row 3),address | Object | Optional | The physical address (location) of the organization,1,1
7.8 Supplier (Table 16 - Row 4),url | Array | Optional | The URL of the organization. Multiple URLs are allowed.,1,1
7.8 Supplier (Table 16 - Row 5),contact | Array | Optional | A contact at the organization. Multiple contacts are allowed.,1,1
7.8.1 BOM Reference,An optional identifier which can be used to reference the object elsewhere in the BOM.,0,0
7.8.1 BOM Reference,Every bom-ref must be unique within the BOM.,1,1
7.8.1 BOM Reference,Value SHOULD not start with the BOM-Link intro 'urn:cdx:' to avoid conflicts with BOM-Links.,1,1
7.8.2 Organization Name,The name of the organization,0,0
7.8.2 Organization Name,(Example bullet) Example Inc.,0,0
7.8.3 Organization Address,The physical address (location) of the organization,0,0
7.8.3 Organization Address (Table 17 - Row 1),bom-ref | String | Optional | An optional identifier which can be used to reference the address elsewhere in the BOM. Every bom-ref must be unique within the BOM. Value SHOULD not start with the BOM-Link intro 'urn:cdx:' to avoid conflicts with BOM-Links.,1,1
7.8.3 Organization Address (Table 17 - Row 2),country | String | Optional | The country name or the two-letter ISO 3166-1 country code.,1,1
7.8.3 Organization Address (Table 17 - Row 3),region | String | Optional | The region or state in the country.,1,1
7.8.3 Organization Address (Table 17 - Row 4),locality | String | Optional | The locality or city within the country.,1,1
7.8.3 Organization Address (Table 17 - Row 5),postOfficeBoxNumber | String | Optional | The post office box number.,1,1
7.8.3 Organization Address (Table 17 - Row 6),postalCode | String | Optional | The postal code.,1,1
7.8.3 Organization Address (Table 17 - Row 7),streetAddress | String | Optional | The street address.,1,1
7.8.3.1 BOM Reference,An optional identifier which can be used to reference the address elsewhere in the BOM.,0,0
7.8.3.1 BOM Reference,Every bom-ref must be unique within the BOM.,1,1
7.8.3.1 BOM Reference,Value SHOULD not start with the BOM-Link intro 'urn:cdx:' to avoid conflicts with BOM-Links.,1,1
7.8.3.2 Country,The country name or the two-letter ISO 3166-1 country code.,0,0
7.8.3.3 Region,The region or state in the country.,0,0
7.8.3.3 Region,(Example bullet) Texas,0,0
7.8.3.4 Locality,The locality or city within the country.,0,0
7.8.3.4 Locality,(Example bullet) Austin,0,0
7.8.3.5 Post Office Box Number,The post office box number.,0,0
7.8.3.5 Post Office Box Number,(Example bullet) 901,0,0
7.8.3.6 Postal Code,The postal code.,0,0
7.8.3.6 Postal Code,(Example bullet) 78758,0,0
7.8.3.7 Street Address,The street address.,0,0
7.8.3.7 Street Address,(Example bullet) 100 Main Street,0,0
7.8.4 Organization URL(s),The URL of the organization.,0,0
7.8.4 Organization URL(s),Multiple URLs are allowed.,0,0
7.8.4 Organization URL(s),Each item of this array must be a string.,1,1
7.8.4 Organization URL(s),(Example bullet) https://example.com,0,0
7.8.5 Organizational Contact,A contact at the organization.,0,0
7.8.5 Organizational Contact,Multiple contacts are allowed.,0,0
7.8.5 Organizational Contact,Each item of this array must be an Organizational Contact object.,1,1
7.8.5.1 Organizational Contact (Table 18 - Row 1),bom-ref | String | Optional | An optional identifier which can be used to reference the object elsewhere in the BOM. Every bom-ref must be unique within the BOM. Value SHOULD not start with the BOM-Link intro 'urn:cdx:' to avoid conflicts with BOM-Links.,1,1
7.8.5.1 Organizational Contact (Table 18 - Row 2),name | String | Optional | The name of a contact,1,1
7.8.5.1 Organizational Contact (Table 18 - Row 3),email | String | Optional | The email address of the contact.,1,1
7.8.5.1 Organizational Contact (Table 18 - Row 4),phone | String | Optional | The phone number of the contact.,1,1
7.8.5.1.1 BOM Reference,An optional identifier which can be used to reference the object elsewhere in the BOM.,0,0
7.8.5.1.1 BOM Reference,Every bom-ref must be unique within the BOM.,1,1
7.8.5.1.1 BOM Reference,Value SHOULD not start with the BOM-Link intro 'urn:cdx:' to avoid conflicts with BOM-Links.,1,1
7.8.5.1.2 Name,The name of a contact,0,0
7.8.5.1.2 Name,(Example bullet) Contact name,0,0
7.8.5.1.3 Email Address,The email address of the contact.,0,0
7.8.5.1.3 Email Address,(Example bullet) firstname.lastname@example.com,0,0
7.8.5.1.4 Phone,The phone number of the contact.,0,0
7.8.5.1.4 Phone,(Example bullet) 800-555-1212,0,0
7.9 BOM Licence(s),The licence information for the BOM document.,0,0
7.9 BOM Licence(s),This may be different from the licence(s) of the component(s) that the BOM describes.,0,0
7.9 BOM Licence(s),Refer to the license definition at /components/[]/licenses,0,0
7.10 Properties,Provides the ability to document properties in a name-value store.,0,0
7.10 Properties,This provides flexibility to include data not officially supported in the standard without having to use additional namespaces or create extensions.,0,0
7.10 Properties,"Unlike key-value stores, properties support duplicate names, each potentially having different values.",0,0
7.10 Properties,Property names of interest to the general public are encouraged to be registered in the CycloneDX Property Taxonomy.,0,0
7.10 Properties,Formal registration is optional.,0,0
7.10 Properties,Each item of this array must be a Lightweight name-value pair object.,1,1
7.10.1 Lightweight name-value pair,Provides the ability to document properties in a name-value store.,0,0
7.10.1 Lightweight name-value pair,This provides flexibility to include data not officially supported in the standard without having to use additional namespaces or create extensions.,0,0
7.10.1 Lightweight name-value pair,"Unlike key-value stores, properties support duplicate names, each potentially having different values.",0,0
7.10.1 Lightweight name-value pair,Property names of interest to the general public are encouraged to be registered in the CycloneDX Property Taxonomy.,0,0
7.10.1 Lightweight name-value pair,Formal registration is optional.,0,0
7.10.1 Lightweight name-value pair (Table 19 - Row 1),"name | String | Required | The name of the property. Duplicate names are allowed, each potentially having a different value.",1,1
7.10.1 Lightweight name-value pair (Table 19 - Row 2),value | String | Optional | The value of the property.,1,1
7.10.1.1 Name,The name of the property.,0,0
7.10.1.1 Name,"Duplicate names are allowed, each potentially having a different value.",0,0
7.10.1.2 Value,The value of the property.,0,0
8 Components,A list of software and hardware components.,0,0
8 Components,Each item of this array must be a Component object.,1,1
8.1 Component (Table 20 - Row 1),"type | String | Required | Specifies the type of component. For software components, classify as application if no more specific appropriate classification is available or cannot be determined for the component.",1,1
8.1 Component (Table 20 - Row 2),"mime-type | String | Optional | The optional mime-type of the component. When used on file components, the mime-type can provide additional context about the kind of file being represented, such as an image, font, or executable. Some library or framework components may also have an associated mime-type.",1,1
8.1 Component (Table 20 - Row 3),bom-ref | String | Optional | An optional identifier which can be used to reference the component elsewhere in the BOM. Every bom-ref must be unique within the BOM. Value SHOULD not start with the BOM-Link intro 'urn:cdx:' to avoid conflicts with BOM-Links.,1,1
8.1 Component (Table 20 - Row 4),"supplier | Object | Optional | The organization that supplied the component. The supplier may often be the manufacturer, but may also be a distributor or repackager.",1,1
8.1 Component (Table 20 - Row 5),manufacturer | Object | Optional | The organization that created the component. Manufacturer is common in components created through automated processes. Components created through manual means may have @.authors instead.,1,1
8.1 Component (Table 20 - Row 6),authors | Array | Optional | The person(s) who created the component. Authors are common in components created through manual processes. Components created through automated means may have @.manufacturer instead.,1,1
8.1 Component (Table 20 - Row 7),author | String | Optional | [Deprecated] This will be removed in a future version. Use @.authors or @.manufacturer instead. The person(s) or organization(s) that authored the component,1,1
8.1 Component (Table 20 - Row 8),publisher | String | Optional | The person(s) or organization(s) that published the component,1,1
8.1 Component (Table 20 - Row 9),"group | String | Optional | The grouping name or identifier. This will often be a shortened, single name of the company or project that produced the component, or the source package or domain name. Whitespace and special characters should be avoided. Examples include: apache, org.apache.commons, and apache.org.",1,1
8.1 Component (Table 20 - Row 10),"name | String | Required | The name of the component. This will often be a shortened, single name of the component. Examples: commons-lang3 and jquery",1,1
8.1 Component (Table 20 - Row 11),version | String | Optional | The component version. The version should ideally comply with semantic versioning but is not enforced.,1,1
8.1 Component (Table 20 - Row 12),description | String | Optional | Specifies a description for the component,1,1
8.1 Component (Table 20 - Row 13),"scope | String | Optional | Specifies the scope of the component. If scope is not specified, 'required' scope SHOULD be assumed by the consumer of the BOM.",1,1
8.1 Component (Table 20 - Row 14),hashes | Array | Optional | The hashes of the component.,1,1
8.1 Component (Table 20 - Row 15),licenses | Array | Optional | EITHER (list of SPDX licenses and/or named licenses) OR (tuple of one SPDX License Expression),1,1
8.1 Component (Table 20 - Row 16),copyright | String | Optional | A copyright notice informing users of the underlying claims to copyright ownership in a published work.,1,1
8.1 Component (Table 20 - Row 17),cpe | String | Optional | Asserts the identity of the component using CPE. The CPE must conform to the CPE 2.2 or 2.3 specification. See https://nvd.nist.gov/products/cpe. Refer to @.evidence.identity to optionally provide evidence that substantiates the assertion of the component's identity.,1,1
8.1 Component (Table 20 - Row 18),"purl | String | Optional | Asserts the identity of the component using package-url (purl). The purl, if specified, must be valid and conform to the specification defined at: https://github.com/package-url/purl-spec. Refer to @.evidence.identity to optionally provide evidence that substantiates the assertion of the component's identity.",1,1
8.1 Component (Table 20 - Row 19),"omniborId | Array | Optional | Asserts the identity of the component using the OmniBOR Artifact ID. The OmniBOR, if specified, must be valid and conform to the specification defined at: https://www.iana.org/assignments/uri-schemes/prov/gitoid. Refer to @.evidence.identity to optionally provide evidence that substantiates the assertion of the component's identity.",1,1
8.1 Component (Table 20 - Row 20),"swhid | Array | Optional | Asserts the identity of the component using the Software Heritage persistent identifier (SWHID). The SWHID, if specified, must be valid and conform to the specification defined at: https://docs.softwareheritage.org/devel/swh-model/persistent-identifiers.html. Refer to @.evidence.identity to optionally provide evidence that substantiates the assertion of the component's identity.",1,1
8.1 Component (Table 20 - Row 21),swid | Object | Optional | Asserts the identity of the component using ISO-IEC 19770-2 Software Identification (SWID) Tags. Refer to @.evidence.identity to optionally provide evidence that substantiates the assertion of the component's identity.,1,1
8.1 Component (Table 20 - Row 22),modified | Boolean | Optional | [Deprecated] This will be removed in a future version. Use the pedigree element instead to supply information on exactly how the component was modified. A boolean value indicating if the component has been modified from the original. A value of true indicates the component is a derivative of the original. A value of false indicates the component has not been modified from the original.,1,1
8.1 Component (Table 20 - Row 23),"pedigree | Object | Optional | Component pedigree is a way to document complex supply chain scenarios where components are created, distributed, modified, redistributed, combined with other components, etc. Pedigree supports viewing this complex chain from the beginning, the end, or anywhere in the middle. It also provides a way to document variants where the exact relation may not be known.",1,1
8.1 Component (Table 20 - Row 24),"externalReferences | Array | Optional | External references provide a way to document systems, sites, and information that may be relevant but are not included with the BOM. They may also establish specific relationships within or external to the BOM.",1,1
8.1 Component (Table 20 - Row 25),"components | Array | Optional | A list of software and hardware components included in the parent component. This is not a dependency tree. It provides a way to specify a hierarchical representation of component assemblies, similar to system → subsystem → parts assembly in physical supply chains.",1,1
8.1 Component (Table 20 - Row 26),evidence | Object | Optional | Provides the ability to document evidence collected through various forms of extraction or analysis.,1,1
8.1 Component (Table 20 - Row 27),releaseNotes | Object | Optional | Specifies optional release notes.,1,1
8.1 Component (Table 20 - Row 28),"modelCard | Object | Optional | A model card describes the intended uses of a machine learning model and potential limitations, including biases and ethical considerations. Model cards typically contain the training parameters, which datasets were used to train the model, performance metrics, and other relevant data useful for ML transparency. This object SHOULD be specified for any component of type machine-learning-model and must not be specified for other component types.",1,1
8.1 Component (Table 20 - Row 29),data | Array | Optional | This object SHOULD be specified for any component of type data and must not be specified for other component types.,1,1
8.1 Component (Table 20 - Row 30),"cryptoProperties | Object | Optional | Cryptographic assets have properties that uniquely define them and that make them actionable for further reasoning. As an example, it makes a difference if one knows the algorithm family (e.g. AES) or the specific variant or instantiation (e.g. AES-128-GCM). This is because the security level and the algorithm primitive (authenticated encryption) are only defined by the definition of the algorithm variant. The presence of a weak cryptographic algorithm like SHA1 vs. HMAC-SHA1 also makes a difference.",1,1
8.1 Component (Table 20 - Row 31),"properties | Array | Optional | Provides the ability to document properties in a name-value store. This provides flexibility to include data not officially supported in the standard without having to use additional namespaces or create extensions. Unlike key-value stores, properties support duplicate names, each potentially having different values. Property names of interest to the general public are encouraged to be registered in the CycloneDX Property Taxonomy. Formal registration is optional.",1,1
8.1 Component (Table 20 - Row 32),"tags | Array | Optional | Textual strings that aid in discovery, search, and retrieval of the associated object. Tags often serve as a way to group or categorize similar or related objects by various attributes.",1,1
8.1 Component (Table 20 - Row 33),signature | Array | Optional | Enveloped signature in JSON Signature Format (JSF).,1,1
8.1.1 Component Type,Specifies the type of component.,0,0
8.1.1 Component Type,"For software components, classify as application if no more specific appropriate classification is available or cannot be determined for the component.",1,1
8.1.1 Component Type,(Example bullet) library,0,0
8.1.1 Component Type (Table 21 - Row 1),application | A software application. Refer to https://en.wikipedia.org/wiki/Application_software for information about applications.,0,0
8.1.1 Component Type (Table 21 - Row 2),framework | A software framework. Refer to https://en.wikipedia.org/wiki/Software_framework for information on how frameworks vary slightly from libraries.,0,0
8.1.1 Component Type (Table 21 - Row 3),library | A software library. Refer to https://en.wikipedia.org/wiki/Library_(computing) for information about libraries. All third-party and open source reusable components will likely be a library.,0,0
8.1.1 Component Type (Table 21 - Row 4),"library | If the library also has key features of a framework, then it should be classified as a framework.",1,1
8.1.1 Component Type (Table 21 - Row 5),"library | If not, or is unknown, then specifying library is recommended.",1,1
8.1.1 Component Type (Table 21 - Row 6),container | A packaging and/or runtime format...,0,0
8.1.1 Component Type (Table 21 - Row 7),platform | A runtime environment which interprets or executes software...,0,0
8.1.1 Component Type (Table 21 - Row 8),operating-system | A software operating system...,0,0
8.1.1 Component Type (Table 21 - Row 9),device | A hardware device such as a processor or chip-set. A hardware device containing firmware SHOULD include a component for the physical hardware itself and another component of type 'firmware' or 'operating-system'...,1,1
8.1.1 Component Type (Table 21 - Row 10),device-driver | A special type of software that operates or controls a particular type of device.,0,0
8.1.1 Component Type (Table 21 - Row 11),firmware | A special type of software that provides low-level control over a device's hardware.,0,0
8.1.1 Component Type (Table 21 - Row 12),file | A computer file.,0,0
8.1.1 Component Type (Table 21 - Row 13),machine-learning-model | A model based on training data...,0,0
8.1.1 Component Type (Table 21 - Row 14),data | A collection of discrete values that convey information.,0,0
8.1.1 Component Type (Table 21 - Row 15),"cryptographic-asset | A cryptographic asset including algorithms, protocols, certificates, keys, tokens, and secrets.",0,0
8.1.2 Mime-Type,The optional mime-type of the component.,0,0
8.1.2 Mime-Type,"When used on file components, the mime-type can provide additional context...",0,0
8.1.2 Mime-Type,Some library or framework components may also have an associated mime-type.,0,0
8.1.2 Mime-Type,(Example bullet) image/jpeg,0,0
8.1.3 BOM Reference,An optional identifier which can be used to reference the component elsewhere in the BOM.,0,0
8.1.3 BOM Reference,Every bom-ref must be unique within the BOM.,1,1
8.1.3 BOM Reference,Value SHOULD not start with the BOM-Link intro 'urn:cdx:' to avoid conflicts with BOM-Links.,1,1
8.1.4 Component Supplier,The organization that supplied the component.,0,0
8.1.4 Component Supplier,"The supplier may often be the manufacturer, but may also be a distributor or repackager.",0,0
8.1.4 Component Supplier (Table 22 - Row 1),bom-ref | String | Optional | An optional identifier which can be used to reference the object elsewhere in the BOM. Every bom-ref must be unique within the BOM. Value SHOULD not start with the BOM-Link intro 'urn:cdx:' to avoid conflicts with BOM-Links.,1,1
8.1.4 Component Supplier (Table 22 - Row 2),name | String | Optional | The name of the organization,1,1
8.1.4 Component Supplier (Table 22 - Row 3),address | Object | Optional | The physical address (location) of the organization,1,1
8.1.4 Component Supplier (Table 22 - Row 4),url | Array | Optional | The URL of the organization. Multiple URLs are allowed.,1,1
8.1.4 Component Supplier (Table 22 - Row 5),contact | Array | Optional | A contact at the organization. Multiple contacts are allowed.,1,1
8.1.4.1 BOM Reference,An optional identifier which can be used to reference the object elsewhere in the BOM.,0,0
8.1.4.1 BOM Reference,Every bom-ref must be unique within the BOM.,1,1
8.1.4.1 BOM Reference,Value SHOULD not start with the BOM-Link intro 'urn:cdx:' to avoid conflicts with BOM-Links.,1,1
8.1.4.2 Organization Name,The name of the organization,0,0
8.1.4.2 Organization Name,(Example bullet) Example Inc.,0,0
8.1.4.3 Organization Address,The physical address (location) of the organization,0,0
8.1.4.3 Organization Address (Table 23 - Row 1),bom-ref | String | Optional | An optional identifier which can be used to reference the address elsewhere in the BOM. Every bom-ref must be unique within the BOM. Value SHOULD not start with the BOM-Link intro 'urn:cdx:' to avoid conflicts with BOM-Links.,1,1
8.1.4.3 Organization Address (Table 23 - Row 2),country | String | Optional | The country name or the two-letter ISO 3166-1 country code.,1,1
8.1.4.3 Organization Address (Table 23 - Row 3),region | String | Optional | The region or state in the country.,1,1
8.1.4.3 Organization Address (Table 23 - Row 4),locality | String | Optional | The locality or city within the country.,1,1
8.1.4.3 Organization Address (Table 23 - Row 5),postOfficeBoxNumber | String | Optional | The post office box number.,1,1
8.1.4.3 Organization Address (Table 23 - Row 6),postalCode | String | Optional | The postal code.,1,1
8.1.4.3 Organization Address (Table 23 - Row 7),streetAddress | String | Optional | The street address.,1,1
8.1.4.3.1 BOM Reference,An optional identifier which can be used to reference the address elsewhere in the BOM.,0,0
8.1.4.3.1 BOM Reference,Every bom-ref must be unique within the BOM.,1,1
8.1.4.3.1 BOM Reference,Value SHOULD not start with the BOM-Link intro 'urn:cdx:' to avoid conflicts with BOM-Links.,1,1
8.1.4.3.2 Country,The country name or the two-letter ISO 3166-1 country code.,0,0
8.1.4.3.3 Region,The region or state in the country.,0,0
8.1.4.3.3 Region,(Example bullet) Texas,0,0
8.1.4.3.4 Locality,The locality or city within the country.,0,0
8.1.4.3.4 Locality,(Example bullet) Austin,0,0
8.1.4.3.5 Post Office Box Number,The post office box number.,0,0
8.1.4.3.5 Post Office Box Number,(Example bullet) 901,0,0
8.1.4.3.6 Postal Code,The postal code.,0,0
8.1.4.3.6 Postal Code,(Example bullet) 78758,0,0
8.1.4.3.7 Street Address,The street address.,0,0
8.1.4.3.7 Street Address,(Example bullet) 100 Main Street,0,0
8.1.4.4 Organization URL(s),The URL of the organization.,0,0
8.1.4.4 Organization URL(s),Multiple URLs are allowed.,0,0
8.1.4.4 Organization URL(s),Each item of this array must be a string.,1,1
8.1.4.4 Organization URL(s),(Example bullet) https://example.com,0,0
8.1.4.5 Organizational Contact,A contact at the organization.,0,0
8.1.4.5 Organizational Contact,Multiple contacts are allowed.,0,0
8.1.4.5 Organizational Contact,Each item of this array must be an Organizational Contact object.,1,1
8.1.4.5.1 Organizational Contact (Table 24 - Row 1),bom-ref | String | Optional | An optional identifier which can be used to reference the object elsewhere in the BOM. Every bom-ref must be unique within the BOM. Value SHOULD not start with the BOM-Link intro 'urn:cdx:' to avoid conflicts with BOM-Links.,1,1
8.1.4.5.1 Organizational Contact (Table 24 - Row 2),name | String | Optional | The name of a contact,1,1
8.1.4.5.1 Organizational Contact (Table 24 - Row 3),email | String | Optional | The email address of the contact.,1,1
8.1.4.5.1 Organizational Contact (Table 24 - Row 4),phone | String | Optional | The phone number of the contact.,1,1
8.1.4.5.2 BOM Reference,An optional identifier which can be used to reference the object elsewhere in the BOM.,0,0
8.1.4.5.2 BOM Reference,Every bom-ref must be unique within the BOM.,1,1
8.1.4.5.2 BOM Reference,Value SHOULD not start with the BOM-Link intro 'urn:cdx:' to avoid conflicts with BOM-Links.,1,1
8.1.4.5.3 Name,The name of a contact,0,0
8.1.4.5.3 Name,(Example bullet) Contact name,0,0
8.1.4.5.4 Email Address,The email address of the contact.,0,0
8.1.4.5.4 Email Address,(Example bullet) firstname.lastname@example.com,0,0
8.1.4.5.5 Phone,The phone number of the contact.,0,0
8.1.4.5.5 Phone,(Example bullet) 800-555-1212,0,0
8.1.5 Component Manufacturer,The organization that created the component.,0,0
8.1.5 Component Manufacturer,Manufacturer is common in components created through automated processes.,0,0
8.1.5 Component Manufacturer,Components created through manual means may have @.authors instead.,1,1
8.1.5 Component Manufacturer (Table 25 - Row 1),bom-ref | String | Optional | An optional identifier which can be used to reference the object elsewhere in the BOM. Every bom-ref must be unique within the BOM. Value SHOULD not start with the BOM-Link intro 'urn:cdx:' to avoid conflicts with BOM-Links.,1,1
8.1.5 Component Manufacturer (Table 25 - Row 2),name | String | Optional | The name of the organization,1,1
8.1.5 Component Manufacturer (Table 25 - Row 3),address | Object | Optional | The physical address (location) of the organization,1,1
8.1.5 Component Manufacturer (Table 25 - Row 4),url | Array | Optional | The URL of the organization. Multiple URLs are allowed.,1,1
8.1.5 Component Manufacturer (Table 25 - Row 5),contact | Array | Optional | A contact at the organization. Multiple contacts are allowed.,1,1
8.1.5.1 BOM Reference,An optional identifier which can be used to reference the object elsewhere in the BOM.,0,0
8.1.5.1 BOM Reference,Every bom-ref must be unique within the BOM.,1,1
8.1.5.1 BOM Reference,Value SHOULD not start with the BOM-Link intro 'urn:cdx:' to avoid conflicts with BOM-Links.,1,1
8.1.5.2 Organization Name,The name of the organization,0,0
8.1.5.2 Organization Name,(Example bullet) Example Inc.,0,0
8.1.5.3 Organization Address,The physical address (location) of the organization,0,0
8.1.5.3 Organization Address (Table 26 - Row 1),bom-ref | String | Optional | An optional identifier which can be used to reference the address elsewhere in the BOM. Every bom-ref must be unique within the BOM. Value SHOULD not start with the BOM-Link intro 'urn:cdx:' to avoid conflicts with BOM-Links.,1,1
8.1.5.3 Organization Address (Table 26 - Row 2),country | String | Optional | The country name or the two-letter ISO 3166-1 country code.,1,1
8.1.5.3 Organization Address (Table 26 - Row 3),region | String | Optional | The region or state in the country.,1,1
8.1.5.3 Organization Address (Table 26 - Row 4),locality | String | Optional | The locality or city within the country.,1,1
8.1.5.3 Organization Address (Table 26 - Row 5),postOfficeBoxNumber | String | Optional | The post office box number.,1,1
8.1.5.3 Organization Address (Table 26 - Row 6),postalCode | String | Optional | The postal code.,1,1
8.1.5.3 Organization Address (Table 26 - Row 7),streetAddress | String | Optional | The street address.,1,1
8.1.5.3.1 BOM Reference,An optional identifier which can be used to reference the address elsewhere in the BOM.,0,0
8.1.5.3.1 BOM Reference,Every bom-ref must be unique within the BOM.,1,1
8.1.5.3.1 BOM Reference,Value SHOULD not start with the BOM-Link intro 'urn:cdx:' to avoid conflicts with BOM-Links.,1,1
8.1.5.3.2 Country,The country name or the two-letter ISO 3166-1 country code.,0,0
8.1.5.3.3 Region,The region or state in the country.,0,0
8.1.5.3.3 Region,(Example bullet) Texas,0,0
8.1.5.3.4 Locality,The locality or city within the country.,0,0
8.1.5.3.4 Locality,(Example bullet) Austin,0,0
8.1.5.3.5 Post Office Box Number,The post office box number.,0,0
8.1.5.3.5 Post Office Box Number,(Example bullet) 901,0,0
8.1.5.3.6 Postal Code,The postal code.,0,0
8.1.5.3.6 Postal Code,(Example bullet) 78758,0,0
8.1.5.3.7 Street Address,The street address.,0,0
8.1.5.3.7 Street Address,(Example bullet) 100 Main Street,0,0
8.1.5.4 Organization URL(s),The URL of the organization.,0,0
8.1.5.4 Organization URL(s),Multiple URLs are allowed.,0,0
8.1.5.4 Organization URL(s),Each item of this array must be a string.,1,1
8.1.5.4 Organization URL(s),(Example bullet) https://example.com,0,0
8.1.5.5 Organizational Contact,A contact at the organization.,0,0
8.1.5.5 Organizational Contact,Multiple contacts are allowed.,0,0
8.1.5.5 Organizational Contact,Each item of this array must be an Organizational Contact object.,1,1
8.1.5.5.1 Organizational Contact (Table 27 - Row 1),bom-ref | String | Optional | An optional identifier which can be used to reference the object elsewhere in the BOM. Every bom-ref must be unique within the BOM. Value SHOULD not start with the BOM-Link intro 'urn:cdx:' to avoid conflicts with BOM-Links.,1,1
8.1.5.5.1 Organizational Contact (Table 27 - Row 2),name | String | Optional | The name of a contact,1,1
8.1.5.5.1 Organizational Contact (Table 27 - Row 3),email | String | Optional | The email address of the contact.,1,1
8.1.5.5.1 Organizational Contact (Table 27 - Row 4),phone | String | Optional | The phone number of the contact.,1,1
8.1.5.5.2 BOM Reference,An optional identifier which can be used to reference the object elsewhere in the BOM.,0,0
8.1.5.5.2 BOM Reference,Every bom-ref must be unique within the BOM.,1,1
8.1.5.5.2 BOM Reference,Value SHOULD not start with the BOM-Link intro 'urn:cdx:' to avoid conflicts with BOM-Links.,1,1
8.1.5.5.3 Name,The name of a contact,0,0
8.1.5.5.3 Name,(Example bullet) Contact name,0,0
8.1.5.5.4 Email Address,The email address of the contact.,0,0
8.1.5.5.4 Email Address,(Example bullet) firstname.lastname@example.com,0,0
8.1.5.5.5 Phone,The phone number of the contact.,0,0
8.1.5.5.5 Phone,(Example bullet) 800-555-1212,0,0
8.1.6 Component Authors,The person(s) who created the component.,0,0
8.1.6 Component Authors,Authors are common in components created through manual processes.,0,0
8.1.6 Component Authors,Components created through automated means may have @.manufacturer instead.,1,1
8.1.6 Component Authors,Each item of this array must be an Organizational Contact object.,1,1
8.1.6.1 Organizational Contact (Table 28 - Row 1),bom-ref | String | Optional | An optional identifier which can be used to reference the object elsewhere in the BOM. Every bom-ref must be unique within the BOM. Value SHOULD not start with the BOM-Link intro 'urn:cdx:' to avoid conflicts with BOM-Links.,1,1
8.1.6.1 Organizational Contact (Table 28 - Row 2),name | String | Optional | The name of a contact,1,1
8.1.6.1 Organizational Contact (Table 28 - Row 3),email | String | Optional | The email address of the contact.,1,1
8.1.6.1 Organizational Contact (Table 28 - Row 4),phone | String | Optional | The phone number of the contact.,1,1
8.1.6.1.1 BOM Reference,An optional identifier which can be used to reference the object elsewhere in the BOM.,0,0
8.1.6.1.1 BOM Reference,Every bom-ref must be unique within the BOM.,1,1
8.1.6.1.1 BOM Reference,Value SHOULD not start with the BOM-Link intro 'urn:cdx:' to avoid conflicts with BOM-Links.,1,1
8.1.6.1.2 Name,The name of a contact,0,0
8.1.6.1.2 Name,(Example bullet) Contact name,0,0
8.1.6.1.3 Email Address,The email address of the contact.,0,0
8.1.6.1.3 Email Address,(Example bullet) firstname.lastname@example.com,0,0
8.1.6.1.4 Phone,The phone number of the contact.,0,0
8.1.6.1.4 Phone,(Example bullet) 800-555-1212,0,0
8.1.7 Component Author (legacy),[Deprecated] This will be removed in a future version.,1,1
8.1.7 Component Author (legacy),Use @.authors or @.manufacturer instead.,0,0
8.1.7 Component Author (legacy),The person(s) or organization(s) that authored the component,0,0
8.1.7 Component Author (legacy),(Example bullet) Acme Inc,0,0
8.1.8 Component Publisher,The person(s) or organization(s) that published the component,0,0
8.1.8 Component Publisher,(Example bullet) Acme Inc,0,0
8.1.9 Component Group,The grouping name or identifier.,0,0
8.1.9 Component Group,"This will often be a shortened, single name of the company or project that produced the component, or the source package or domain name.",1,0
8.1.9 Component Group,Whitespace and special characters should be avoided.,1,1
8.1.9 Component Group,"Examples include: apache, org.apache.commons, and apache.org.",0,0
8.1.9 Component Group,(Example bullet) com.acme,0,0
8.1.10 Component Name,The name of the component.,0,0
8.1.10 Component Name,"This will often be a shortened, single name of the component.",0,0
8.1.10 Component Name,Examples: commons-lang3 and jquery,0,0
8.1.10 Component Name,(Example bullet) tomcat-catalina,0,0
8.1.11 Component Version,The component version.,0,0
8.1.11 Component Version,The version should ideally comply with semantic versioning but is not enforced.,1,1
8.1.11 Component Version,(Example bullet) 9.0.14,0,0
8.1.11 Component Version,(Example bullet) v1.33.7,0,0
8.1.11 Component Version,(Example bullet) 7.0.0-M1,0,0
8.1.11 Component Version,(Example bullet) 2.0pre1,0,0
8.1.11 Component Version,(Example bullet) 1.0.0-beta1,0,0
8.1.11 Component Version,(Example bullet) 0.8.15,0,0
8.1.12 Component Description,Specifies a description for the component,0,0
8.1.13 Component Scope,Specifies the scope of the component.,0,0
8.1.13 Component Scope,"If scope is not specified, 'required' scope SHOULD be assumed by the consumer of the BOM.",1,1
8.1.13 Component Scope (Table 29 - Row 1),required | The component is required for runtime,1,0
8.1.13 Component Scope (Table 29 - Row 2),optional | The component is optional at runtime. Optional components are components that are not capable of being called due to them not being installed or otherwise accessible by any means. Components that are installed but due to configuration or other restrictions are prohibited from being called must be scoped as 'required'.,1,0
8.1.13 Component Scope (Table 29 - Row 3),excluded | Components that are excluded provide the ability to document component usage for test and other non-runtime purposes. Excluded components are not reachable within a call graph at runtime.,0,0
8.1.14 Component Hashes,The hashes of the component.,0,0
8.1.14 Component Hashes,Each item of this array must be a Hash object.,1,1
8.1.14.1 Hash (Table 30 - Row 1),alg | String | Required | The algorithm that generated the hash value.,1,1
8.1.14.1 Hash (Table 30 - Row 2),content | String | Required | The value of the hash.,1,1
8.1.14.1.1 Hash Algorithm,The algorithm that generated the hash value.,0,0
8.1.14.1.1 Hash Algorithm,(Bullet point) MD5,1,1
8.1.14.1.1 Hash Algorithm,(Bullet point) SHA-1,1,1
8.1.14.1.1 Hash Algorithm,(Bullet point) SHA-256,1,1
8.1.14.1.1 Hash Algorithm,(Bullet point) SHA-384,1,1
8.1.14.1.1 Hash Algorithm,(Bullet point) SHA-512,1,1
8.1.14.1.1 Hash Algorithm,(Bullet point) SHA3-256,1,1
8.1.14.1.1 Hash Algorithm,(Bullet point) SHA3-384,1,1
8.1.14.1.1 Hash Algorithm,(Bullet point) SHA3-512,1,1
8.1.14.1.1 Hash Algorithm,(Bullet point) BLAKE2b-256,1,1
8.1.14.1.1 Hash Algorithm,(Bullet point) BLAKE2b-384,1,1
8.1.14.1.1 Hash Algorithm,(Bullet point) BLAKE2b-512,1,1
8.1.14.1.1 Hash Algorithm,(Bullet point) BLAKE3,1,1
8.1.14.1.2 Hash Value,The value of the hash.,0,0
8.1.14.1.2 Hash Value,(Example bullet) 3942447fac867ae5cdb3229b658f4d48,0,0
8.1.15 Component Licence(s),EITHER (list of SPDX licences and/or named licences) OR (tuple of one SPDX Licence Expression),0,0
8.1.15 Component Licence(s),(Bullet point) 1. Multiple licenses,1,1
8.1.15 Component Licence(s),(Bullet point) 2. SPDX License Expression,1,1
8.1.16 Multiple licences,A list of SPDX licences and/or named licences.,0,0
8.1.17 SPDX Licence Expression,A tuple of exactly one SPDX Licence Expression.,0,0
8.1.18 Multiple licences,A list of SPDX licences and/or named licences.,0,0
8.1.18 Multiple licences,Each item of this array must be a Licence object.,1,1
8.1.18.1 Licence (Table 31 - Row 1),"license | Array | Required | Specifies the details and attributes related to a software license. It can either include a valid SPDX license identifier or a named license, along with additional properties such as license acknowledgment, comprehensive commercial licensing information, and the full text of the license.",1,1
8.1.18.1.1 Licence,Specifies the details and attributes related to a software licence.,0,0
8.1.18.1.1 Licence,"It can either include a valid SPDX licence identifier or a named licence, along with additional properties such as licence acknowledgment, comprehensive commercial licencing information, and the full text of the licence.",0,0
8.1.18.1.1 Licence (Table 32 - Row 1),bom-ref | String | Optional | An optional identifier which can be used to reference the license elsewhere in the BOM. Every bom-ref must be unique within the BOM. Value SHOULD not start with the BOM-Link intro 'urn:cdx:' to avoid conflicts with BOM-Links.,1,1
8.1.18.1.1 Licence (Table 32 - Row 2),"id | String | Optional | A valid SPDX license identifier. If specified, this value must be one of the enumeration of valid SPDX license identifiers defined in the spdx.schema.json (or spdx.xml) subschema which is synchronized with the official SPDX license list.",1,1
8.1.18.1.1 Licence (Table 32 - Row 3),name | String | Optional | The name of the license. This may include the name of a commercial or proprietary license or an open source license that may not be defined by SPDX.,1,1
8.1.18.1.1 Licence (Table 32 - Row 4),acknowledgement | String | Optional | Declared licenses and concluded licenses represent two different stages in the licensing process within software development...Observed licenses form the evidence necessary to substantiate a concluded license.,1,1
8.1.18.1.1 Licence (Table 32 - Row 5),text | Object | Optional | An optional way to include the textual content of a license.,1,1
8.1.18.1.1 Licence (Table 32 - Row 6),"url | String | Optional | The URL to the license file. If specified, a 'license' externalReference should also be specified for completeness",1,1